Algoritmo,Tamaño,Tiempo(s)
Naiv,16,0.0019503000075928867
LoopUnrollingTwo,16,0.002106000029016286
LoopUnrollingFour,16,0.0023299999884329736
WinogradOriginal,16,0.0023878999636508524
WinogradScaled,16,0.002305799978785217
SequentialBlock,16,0.0015733999898657203
ParallelBlock,16,3.977854800003115
IV_3_SequentialBlock,16,0.001600799965672195
IV_4_ParallelBlock,16,3.8966651000082493
IV_5_EnhancedParallelBlock,16,0.0055964000057429075
